,date,province,총소비,숙박업,레저스포츠,문화서비스,쇼핑(면세점 제외),식음료
0,20190101,Gangwon-do,2118913513,363350848,124374450,55426200,132477810,1439118605
1,20190102,Gangwon-do,749735647,133344805,66260240,34309310,77429460,438027832
2,20190103,Gangwon-do,687116814,122709604,50308700,31476300,65833460,416542450
3,20190104,Gangwon-do,812609757,126291275,63451130,40883020,81319820,500454512
4,20190105,Gangwon-do,1941231621,293520888,153755530,81896680,200587065,1208503458
5,20190106,Gangwon-do,1462686105,291321931,120163160,60157080,120475575,868992859
6,20190107,Gangwon-do,665959803,102677670,69272800,34905340,72382450,386343143
7,20190108,Gangwon-do,603572179,83236830,42195920,26373800,61617750,389970679
8,20190109,Gangwon-do,656963532,166893343,39675930,26529610,38630410,385068239
9,20190110,Gangwon-do,651781187,84215994,44089230,31110470,62841620,429472273
10,20190111,Gangwon-do,937319389,160764074,73744465,40260290,84944480,576989380
11,20190112,Gangwon-do,2360438992,354286410,179692850,99713070,205449275,1517889287
12,20190113,Gangwon-do,1754271409,315273432,149382810,66369010,95675680,1124226277
13,20190114,Gangwon-do,730458003,138802021,52975970,35112500,64048040,438853502
14,20190115,Gangwon-do,701452592,142865759,42445940,25374050,65152961,425613882
15,20190116,Gangwon-do,667738154,124396970,41108950,26077740,58015750,418061444
16,20190117,Gangwon-do,690883193,108336382,45240390,30348820,54846230,452111371
17,20190118,Gangwon-do,990704887,168192382,64950582,44064100,91111181,620711892
18,20190119,Gangwon-do,2487489819,387427592,189935810,96491600,222248110,1586686807
19,20190120,Gangwon-do,1862775887,340976382,154111680,69918240,131609296,1163179139
20,20190121,Gangwon-do,728450419,145754997,49806970,32414590,59723495,440640367
21,20190122,Gangwon-do,663897004,101028955,47318990,24325200,61525100,429237939
22,20190123,Gangwon-do,665648276,141164886,36388590,27875650,37829770,422267080
23,20190124,Gangwon-do,698302595,111859300,44808300,24612650,68312820,448087625
24,20190125,Gangwon-do,910937748,158589081,63318255,36578430,79884399,571875583
25,20190126,Gangwon-do,2349295061,360171000,181002352,105858710,239257890,1458911909
26,20190127,Gangwon-do,1666548846,310257053,145983515,68390860,97940140,1042941078
27,20190128,Gangwon-do,691470697,110248746,48758870,32485750,75447430,424529901
28,20190129,Gangwon-do,624117688,80092784,41997070,26985600,58584010,416046124
29,20190130,Gangwon-do,637714632,114270250,40982390,23632600,67576890,390882112
30,20190131,Gangwon-do,531605514,52221000,36381400,22693320,66860110,353449684
31,20190201,Gangwon-do,742667451,100137485,54638160,32714400,102466352,452711054
32,20190202,Gangwon-do,1978829634,296788856,153255215,77751730,292406974,1155732659
33,20190203,Gangwon-do,2025927697,316324834,96207206,55559430,257205615,1300072462
34,20190204,Gangwon-do,2241530444,396932856,177078530,76309960,256073530,1331641668
35,20190205,Gangwon-do,1448500039,337990401,126649970,63555310,80619970,835551188
36,20190206,Gangwon-do,1346168450,323960873,116150630,60305910,123961036,719024501
37,20190207,Gangwon-do,796644597,157635607,72888360,40029530,69448458,454708642
38,20190208,Gangwon-do,881904520,158802876,64459560,37804900,85388150,534843444
39,20190209,Gangwon-do,1880809059,302068786,144279270,86955320,186054322,1158534061
40,20190210,Gangwon-do,1301908338,255412299,109347370,54961480,76821806,802882583
41,20190211,Gangwon-do,653716708,126362548,44590930,27964710,66534070,388167450
42,20190212,Gangwon-do,582783236,63366866,37795150,25769000,56486640,398875380
43,20190213,Gangwon-do,565734441,75181209,42054850,20439920,40072640,387363622
44,20190214,Gangwon-do,591916026,81225907,43547500,16257170,52734180,398151269
45,20190215,Gangwon-do,783113009,124112401,44441780,26970890,62932850,523911188
46,20190216,Gangwon-do,2127271914,333297681,157922800,76630190,192360629,1360688714
47,20190217,Gangwon-do,1587869491,285900136,146529720,64959080,121184187,965850768
48,20190218,Gangwon-do,695699148,103380762,47894680,32025140,62405360,448633006
49,20190219,Gangwon-do,521040856,76681298,30748195,20252930,45415830,347942603
50,20190220,Gangwon-do,674008110,155945201,41586590,17246300,53820914,405309105
51,20190221,Gangwon-do,692391894,102655416,47525890,19552790,63437880,459099918
52,20190222,Gangwon-do,946306778,149510460,76209820,28175190,76617070,614342238
53,20190223,Gangwon-do,2234954623,328037143,182630100,69283090,212326915,1437182675
54,20190224,Gangwon-do,1742056674,311780013,178489711,55859180,84322820,1106648950
55,20190225,Gangwon-do,836105780,112208300,74953120,28512670,75478760,542170630
56,20190226,Gangwon-do,787363043,102762940,70679872,21582600,59634270,532031361
57,20190227,Gangwon-do,851258558,147591181,94275680,20590190,52033880,536201627
58,20190228,Gangwon-do,1072158271,140235095,96818590,26881830,88182680,717463176
59,20190301,Gangwon-do,3019424579,361483729,220317810,68918190,226023275,2134126575
60,20190302,Gangwon-do,3021053570,364028181,200736550,64487450,231715173,2150601866
61,20190303,Gangwon-do,1467298215,206114021,153093560,16193640,173877222,914183872
62,20190304,Gangwon-do,501297406,19506140,57494790,2793180,58501110,362836186
63,20190305,Gangwon-do,491382882,19116030,70086560,1573850,56221985,344384457
64,20190306,Gangwon-do,487366560,18574931,65054800,4885800,45828520,353022509
65,20190307,Gangwon-do,534206636,17072400,91908800,4198800,44795930,376130706
66,20190308,Gangwon-do,666850575,33500760,89179410,6499560,68437422,469233423
67,20190309,Gangwon-do,1751270952,154027671,153866850,24675870,196020745,1218896716
68,20190310,Gangwon-do,1140257768,123909723,139683240,15719730,89904199,770067676
69,20190311,Gangwon-do,533193020,20277570,85832970,2317390,57779400,366608690
70,20190312,Gangwon-do,514771437,34554807,72567690,1523200,50866800,355258940
71,20190313,Gangwon-do,542062915,15906870,103287130,2670040,35417660,384781215
72,20190314,Gangwon-do,643776747,80537190,105321100,1927400,52829175,403161882
73,20190315,Gangwon-do,617695464,38402331,80289830,4121840,63591210,431108453
74,20190316,Gangwon-do,1548545536,159718407,81463260,13100300,171782770,1118577099
75,20190317,Gangwon-do,1240543770,117959793,154012440,11425530,125261327,829131580
76,20190318,Gangwon-do,536193844,24114678,94229620,1489960,47437630,368921956
77,20190319,Gangwon-do,570604518,20755390,111606640,1786460,51697810,384532218
78,20190320,Gangwon-do,520432969,15959023,99705770,2802200,41232094,360528982
79,20190321,Gangwon-do,587011486,25008320,103557220,3062100,49235080,405638966
80,20190322,Gangwon-do,703599350,34515162,106052110,4093950,67759520,485486608
81,20190323,Gangwon-do,1593436884,128589644,127651180,13731380,165226467,1155813413
82,20190324,Gangwon-do,1205444120,112154408,159379050,13810970,76967320,841419872
83,20190325,Gangwon-do,545957555,20931980,102999760,2100280,51850470,368075065
84,20190326,Gangwon-do,553460414,15288398,102696730,2194200,46779210,386501876
85,20190327,Gangwon-do,570135845,19567910,116446430,3403300,36645450,393745755
86,20190328,Gangwon-do,592552522,15957520,121082100,2764800,52885010,399725712
87,20190329,Gangwon-do,760064054,45541535,131685860,4018100,64033610,514645649
88,20190330,Gangwon-do,1739656575,179626868,181799315,18008350,177988211,1181916731
89,20190331,Gangwon-do,1246213794,121785352,182027970,12376550,126269978,802684144
90,20190401,Gangwon-do,565675383,29601400,99888630,2190180,51965490,381542383
91,20190402,Gangwon-do,563558160,17144700,102627030,1887790,46180120,395718520
92,20190403,Gangwon-do,596046583,30025040,106030805,2513900,50392950,406795888
93,20190404,Gangwon-do,643620695,26770700,129075625,1774500,47562150,438437720
94,20190405,Gangwon-do,720352970,50752050,127015845,4289200,63590680,474198595
95,20190406,Gangwon-do,1522812885,147505542,189613780,15782560,154302963,1015181740
96,20190407,Gangwon-do,1169396191,105966545,166511640,12039830,119620625,764582951
97,20190408,Gangwon-do,554879192,25232672,110578560,1525130,50259150,366965180
98,20190409,Gangwon-do,547128822,14412660,139784770,1112800,33570880,358247712
99,20190410,Gangwon-do,541381317,21009010,106420600,2216000,36680190,375055517
100,20190411,Gangwon-do,642415701,18249840,152573210,1980700,57665730,411946221
101,20190412,Gangwon-do,842902404,50356864,164784806,3235970,73331520,550630244
102,20190413,Gangwon-do,1926352901,187264507,257869657,17029570,168884512,1291990755
103,20190414,Gangwon-do,1114852284,129991910,142574030,10829990,68311510,763094844
104,20190415,Gangwon-do,630655008,36619910,125908425,3105500,57808440,406838733
105,20190416,Gangwon-do,608154876,20141830,141615100,1419040,49366102,395612804
106,20190417,Gangwon-do,617055027,18255154,142453397,1499750,50345090,404301636
107,20190418,Gangwon-do,636678014,22952640,167866920,2387290,47133390,396337774
108,20190419,Gangwon-do,807655935,51157180,162512435,4019420,63796870,525745960
109,20190420,Gangwon-do,1925638651,175218256,247071103,26638480,174229299,1297268413
110,20190421,Gangwon-do,1384131279,147426775,234824113,13156810,116838195,867596086
111,20190422,Gangwon-do,639280355,28703508,149169153,1563540,49757200,409067454
112,20190423,Gangwon-do,647227378,22645806,159575083,3166280,51862220,409977989
113,20190424,Gangwon-do,616336133,20542152,139201033,12260820,37662350,406669778
114,20190425,Gangwon-do,624160713,20859880,128211298,7560500,48006510,419475525
115,20190426,Gangwon-do,757856616,58293828,137800085,13599330,65343360,482820013
116,20190427,Gangwon-do,1985815076,185407164,265897900,38435640,175507248,1314711824
117,20190428,Gangwon-do,1393987419,150578270,236364965,24096050,74366310,904939924
118,20190429,Gangwon-do,662571834,35959604,135042395,6616030,51690370,432749435
119,20190430,Gangwon-do,759920278,43090968,163461796,6042300,57829630,489264084
120,20190501,Gangwon-do,1241555764,62006298,265143540,18952130,102246782,791362014
121,20190502,Gangwon-do,852355726,53753816,208792870,9785600,67323730,511379510
122,20190503,Gangwon-do,1036708541,106112848,195246565,13585320,76881920,643597888
123,20190504,Gangwon-do,2801708817,344503071,240924572,49225600,256997390,1896719484
124,20190505,Gangwon-do,3329633126,377711685,331963938,88977560,253573234,2266667309
125,20190506,Gangwon-do,1818248218,253202606,277162806,25697340,142969756,1111899110
126,20190507,Gangwon-do,715092728,37074977,158820950,4102200,60405640,453706661
127,20190508,Gangwon-do,699585603,24955130,151903750,2139100,36567460,483799463
128,20190509,Gangwon-do,722816279,35242880,179516426,2989100,65808110,439159063
129,20190510,Gangwon-do,837653691,46003413,175145277,5675070,67377410,542795321
130,20190511,Gangwon-do,1920128728,154927809,261818780,30230750,187828859,1280002130
131,20190512,Gangwon-do,1356058906,119055569,235003855,19502650,76997650,904448882
132,20190513,Gangwon-do,715969199,33236955,181465070,3447650,70937210,426747314
133,20190514,Gangwon-do,722227795,28231421,169970995,4583900,50111380,468281999
134,20190515,Gangwon-do,750903411,40636180,176125661,5048500,62348317,466546753
135,20190516,Gangwon-do,790322205,35503840,193898745,3533200,61219340,495651280
136,20190517,Gangwon-do,929333346,56612327,183925655,13517050,75590440,599314774
137,20190518,Gangwon-do,2107591751,187257198,274089334,40860720,186429955,1411689544
138,20190519,Gangwon-do,1489600325,150954024,227229000,20137130,123930671,963662100
139,20190520,Gangwon-do,711358614,39181922,174428080,3599300,55272370,436640242
140,20190521,Gangwon-do,701401351,24011340,185982706,4303200,51201770,434808035
141,20190522,Gangwon-do,715556078,30194036,184765925,3331300,35955120,461143097
142,20190523,Gangwon-do,797698335,30093510,216049797,5792900,53858009,491668619
143,20190524,Gangwon-do,963862464,76787065,205588830,9005400,81228266,590287003
144,20190525,Gangwon-do,2169292946,230501979,274078657,48825040,202016150,1410131620
145,20190526,Gangwon-do,1603395073,158170759,272831173,33970850,103777529,1031358462
146,20190527,Gangwon-do,567844669,66395655,42043437,4003000,63534210,391868367
147,20190528,Gangwon-do,688478581,25733027,175201678,6506800,50131720,430488056
148,20190529,Gangwon-do,709814541,49127495,163737755,7073660,45902050,443496581
149,20190530,Gangwon-do,696600572,26102830,166870250,7215300,50458562,445219930
150,20190531,Gangwon-do,911022460,53682045,191660400,11696900,75250250,577430965
151,20190601,Gangwon-do,2122021637,227492571,270731675,51973580,174300010,1392285801
152,20190602,Gangwon-do,1565980848,153655104,258403498,32904680,119169800,997045466
153,20190603,Gangwon-do,683307080,31963328,162930030,7851200,47937530,432477692
154,20190604,Gangwon-do,746623578,29587234,188627890,8013350,50294545,469846559
155,20190605,Gangwon-do,959634747,80814680,219570710,14018000,73334030,570258027
156,20190606,Gangwon-do,2042550143,192099525,285055735,74410360,142240821,1338996402
157,20190607,Gangwon-do,1492530539,191479880,166236224,49261480,101553580,983744475
158,20190608,Gangwon-do,2633736330,340650785,334543047,77702510,158093159,1708172949
159,20190609,Gangwon-do,1539392211,191367368,270260155,31039900,56770525,986479663
160,20190610,Gangwon-do,729974532,62278460,171524353,8670900,56707520,430793299
161,20190611,Gangwon-do,717983100,24826216,193627747,4852650,51082300,443560087
162,20190612,Gangwon-do,721381206,24747804,206156853,7794080,35136050,447021919
163,20190613,Gangwon-do,833192144,40280867,235282238,7157680,48816590,501421269
164,20190614,Gangwon-do,976482564,79440034,207353213,16771600,59577860,611958657
165,20190615,Gangwon-do,2160353442,212401474,302117871,58842270,171830742,1411451285
166,20190616,Gangwon-do,1727115429,191515468,312127850,39968420,115301040,1065229251
167,20190617,Gangwon-do,797887961,53063640,200285230,12007600,53984300,475824991
168,20190618,Gangwon-do,703580208,34323573,178990371,7852290,46891230,435414144
169,20190619,Gangwon-do,716622444,34243135,195538616,7494650,44949672,433739871
170,20190620,Gangwon-do,824113305,45262775,222824440,12325600,52757970,488437520
171,20190621,Gangwon-do,975953842,77801691,200225450,19183920,65943571,612073110
172,20190622,Gangwon-do,2284863822,227790829,297059533,71969810,183884992,1497281758
173,20190623,Gangwon-do,1719193442,175151403,281926116,54744810,73557120,1129915893
174,20190624,Gangwon-do,817069294,57476350,177613773,22169660,61860370,497133441
175,20190625,Gangwon-do,816409593,53107431,194875408,18851210,58921003,489564641
176,20190626,Gangwon-do,758950748,49143200,192802076,20129580,30267880,466048312
177,20190627,Gangwon-do,804249334,51577646,195761312,15666300,64289430,476519946
178,20190628,Gangwon-do,1002381747,99423066,182489875,24445450,76337433,618065923
179,20190629,Gangwon-do,2186616838,246004447,291628105,90849970,195573475,1358684341
180,20190630,Gangwon-do,1693563260,203980299,281704830,59026200,105733620,1038147471
181,20190701,Gangwon-do,753331676,71670564,159304850,17864050,62250550,440909662
182,20190702,Gangwon-do,743032067,49103938,155125724,21551600,59407320,456964685
183,20190703,Gangwon-do,756439945,49324549,174869370,21273460,50004410,460384056
184,20190704,Gangwon-do,778446933,49510829,172726270,19613630,61043720,475369984
185,20190705,Gangwon-do,1085112154,118370057,193379262,31818350,84587060,656167325
186,20190706,Gangwon-do,2492251739,285418390,311856116,116559165,200091152,1573649516
187,20190707,Gangwon-do,1836292427,217439704,262279050,65570790,116677750,1171061713
188,20190708,Gangwon-do,813891561,69301005,182529070,25578700,58812940,476087446
189,20190709,Gangwon-do,794694495,64432933,180850340,21005100,56799010,471507412
190,20190710,Gangwon-do,719170478,48223935,159184305,16868820,36924310,455555108
191,20190711,Gangwon-do,728190208,64046662,150118669,16741240,62462370,434811567
192,20190712,Gangwon-do,1163158058,127294344,204345073,30240900,81830930,718389011
193,20190713,Gangwon-do,2557204401,293120265,320487454,113300440,207530650,1615932592
194,20190714,Gangwon-do,1867980536,233482613,265209835,63700950,74281170,1229320668
195,20190715,Gangwon-do,891839012,112562553,158158794,33745900,66038560,520192805
196,20190716,Gangwon-do,812187183,78896773,160011670,18778050,59034940,495252950
197,20190717,Gangwon-do,858150367,88295944,177437086,24463260,60377910,507341667
198,20190718,Gangwon-do,961071352,93215246,183813420,34019120,63337111,585868255
199,20190719,Gangwon-do,1258105514,151635285,202318866,47400850,86134450,768515203
200,20190720,Gangwon-do,2196836973,267352393,265233362,108598190,181836605,1373097573
201,20190721,Gangwon-do,1753006782,265406812,233847570,50323850,124177040,1078174910
202,20190722,Gangwon-do,1046659506,132052542,158483455,49968410,70756250,634180689
203,20190723,Gangwon-do,1041010129,126021253,172914138,40071100,68799500,630025838
204,20190724,Gangwon-do,969436208,125667728,163465727,38766480,45324800,594625493
205,20190725,Gangwon-do,1032708986,139411464,134346125,44931260,81457850,631268417
206,20190726,Gangwon-do,1124070104,181288869,78214620,56079730,91617830,716869055
207,20190727,Gangwon-do,2460557887,362495563,231743431,102875948,223118755,1534426170
208,20190728,Gangwon-do,2100783247,365358939,201635033,82726230,87248910,1361329005
209,20190729,Gangwon-do,1918657123,318044281,212988580,100142100,124906010,1153873052
210,20190730,Gangwon-do,1888904097,329473299,234896781,102238990,106990960,1112673867
211,20190731,Gangwon-do,1942324150,350808029,177623572,92024050,127912770,1186940579
212,20190801,Gangwon-do,2681775782,466089468,238168049,126908530,154129880,1687449295
213,20190802,Gangwon-do,3110156551,441515319,300360130,140787070,177820490,2038771442
214,20190803,Gangwon-do,3821552569,500610071,318379590,154509320,243189730,2592204398
215,20190804,Gangwon-do,3127958893,487763637,280315668,121480320,188934260,2037377308
216,20190805,Gangwon-do,2254342784,339843242,211305362,126288400,130242800,1436212810
217,20190806,Gangwon-do,1991933157,316176919,218171590,116880490,100658920,1231702838
218,20190807,Gangwon-do,1466496162,297717987,120322740,71521530,88381040,887663685
219,20190808,Gangwon-do,1726057887,267718431,205474930,104431900,98219460,1044971406
220,20190809,Gangwon-do,2027989897,340379226,229586055,110455010,116789722,1225484824
221,20190810,Gangwon-do,3030378054,441168111,297235477,141262550,203845853,1942365663
222,20190811,Gangwon-do,2442940836,393004129,265759550,111050580,73073610,1593239317
223,20190812,Gangwon-do,1487634490,239213773,165382311,79990370,92389160,905867016
224,20190813,Gangwon-do,1570418550,238003735,206408526,87609425,86569820,947835644
225,20190814,Gangwon-do,1730742394,377771265,223258008,83720760,53103530,989318631
226,20190815,Gangwon-do,2144548255,335017265,221643924,100179340,162541050,1324884976
227,20190816,Gangwon-do,2249841140,314488773,289671071,112232000,121218350,1403340086
228,20190817,Gangwon-do,3127812698,435267443,328053257,129354700,176897200,2048400098
229,20190818,Gangwon-do,2387689999,395905747,297311850,91077040,114731250,1478771572
230,20190819,Gangwon-do,1297585112,192094016,160138005,70658520,70491420,798445051
231,20190820,Gangwon-do,1185301518,164372702,177835319,47419880,56861122,734787195
232,20190821,Gangwon-do,1065101033,159658852,166895515,29447170,56142180,650876156
233,20190822,Gangwon-do,1083218536,134680349,178652828,31440510,61701850,673216789
234,20190823,Gangwon-do,1333098773,175265379,199457427,32030030,80712720,842801117
235,20190824,Gangwon-do,2690169343,330997419,324818156,106511170,188052350,1731411248
236,20190825,Gangwon-do,2150636266,297782186,278918233,91767980,73417103,1402831614
237,20190826,Gangwon-do,1050086081,112451539,180077225,32498000,66350880,654352037
238,20190827,Gangwon-do,982338137,91900700,178631454,21666700,58329690,630431293
239,20190828,Gangwon-do,890024541,71303610,175471311,19340520,40067220,582808490
240,20190829,Gangwon-do,907573923,76925579,154698816,20421000,60605025,593615603
241,20190830,Gangwon-do,1120399910,111789805,187314470,22158740,78666100,717096150
242,20190831,Gangwon-do,2315032557,254861890,291859938,90535230,169110200,1499141339
243,20190901,Gangwon-do,1741274391,188160065,241824910,48655600,124313030,1131997706
244,20190902,Gangwon-do,739015111,57089405,129063430,10042300,56949530,484835086
245,20190903,Gangwon-do,724518502,47687183,167345860,5704500,46901640,456741219
246,20190904,Gangwon-do,545664058,35989010,53683970,5007600,47915800,403039178
247,20190905,Gangwon-do,598386014,55688480,96090036,3856100,54835320,387728778
248,20190906,Gangwon-do,708629556,50036909,129380500,9003600,71089040,448981507
249,20190907,Gangwon-do,943174685,107638935,73519710,25486800,137510760,598965880
250,20190908,Gangwon-do,1072300042,95420487,204846840,28337070,96315190,645736255
251,20190909,Gangwon-do,635283571,28737210,132425050,5147000,77749890,390661521
252,20190910,Gangwon-do,609346908,35882477,76641470,2656800,87187390,406978771
253,20190911,Gangwon-do,825628886,51146659,119228290,8786050,117823300,528644587
254,20190912,Gangwon-do,2100009728,193647636,214753128,36446150,317372057,1331673057
255,20190913,Gangwon-do,2314535150,325835171,188516950,57520110,133721570,1595561909
256,20190914,Gangwon-do,2719860127,372749408,319816376,63890550,196932630,1753974903
257,20190915,Gangwon-do,1299565145,173088774,235402534,29297740,115015130,745682967
258,20190916,Gangwon-do,692857679,54415321,159137935,7529200,46601440,423716883
259,20190917,Gangwon-do,661038352,26723542,172385715,4666000,44012680,412697955
260,20190918,Gangwon-do,692383147,28716420,175486795,4369920,41462330,441597332
261,20190919,Gangwon-do,732427473,26540690,188770770,4255880,41795021,470439212
262,20190920,Gangwon-do,915806907,59618362,209274319,6632900,59700820,579586106
263,20190921,Gangwon-do,1786229580,178452543,267544795,34877070,164670171,1136178501
264,20190922,Gangwon-do,887011629,122403738,96889920,12888450,54309160,600520361
265,20190923,Gangwon-do,659664758,32621830,168900295,2796500,61835900,393401933
266,20190924,Gangwon-do,690474506,31906515,156607990,2263300,45505000,453585001
267,20190925,Gangwon-do,726157984,23879962,178745487,4652670,32143540,486258705
268,20190926,Gangwon-do,737528852,33815790,178067104,2932430,50627900,470498528
269,20190927,Gangwon-do,892134023,80584383,178490502,5051300,54142000,572568798
270,20190928,Gangwon-do,2089915823,238860907,296353085,34124000,147951240,1363965091
271,20190929,Gangwon-do,1587823306,159245237,266583861,21449560,102473830,1033076258
272,20190930,Gangwon-do,717331740,35267705,169468771,3071800,46838660,461694004
273,20191001,Gangwon-do,719502352,28598461,189510011,2495600,40890090,457179190
274,20191002,Gangwon-do,707876061,49537677,140367100,6724900,48314170,462429414
275,20191003,Gangwon-do,1305919555,152254455,154352803,35347390,113180830,850485077
276,20191004,Gangwon-do,1636134004,200776349,262516817,51466500,86426910,1024141168
277,20191005,Gangwon-do,2214506307,339960002,265325823,49780520,141144220,1416837482
278,20191006,Gangwon-do,1635356847,194864983,269509900,28722060,93599220,1040632184
279,20191007,Gangwon-do,680514429,52650330,111984045,4127400,54453370,454345584
280,20191008,Gangwon-do,928678638,66893904,205001969,6706530,56055170,591972285
281,20191009,Gangwon-do,1408204012,90867326,254736810,21744950,79472524,952553242
282,20191010,Gangwon-do,811307866,47025117,199802087,6350720,51480980,502614862
283,20191011,Gangwon-do,995026621,76951072,210775383,6542200,61504340,634851326
284,20191012,Gangwon-do,2246478303,242485706,304271660,27952990,161919260,1507211577
285,20191013,Gangwon-do,1633770153,185774197,248901210,21802750,69662174,1097353222
286,20191014,Gangwon-do,757368077,38810525,184740880,4104900,48995440,477104032
287,20191015,Gangwon-do,777572684,34464262,195386420,4021700,51512710,489861092
288,20191016,Gangwon-do,803536665,38050920,204724595,2584800,49821280,504858270
289,20191017,Gangwon-do,850487773,38241780,189514110,5213400,55851300,557404283
290,20191018,Gangwon-do,1022476976,86482770,191671535,7133900,64171810,669940561
291,20191019,Gangwon-do,2434920620,251526051,286934818,32664920,154470707,1696477304
292,20191020,Gangwon-do,1896175072,205805727,288933041,24475630,107525624,1259519350
293,20191021,Gangwon-do,829225303,47179246,176942468,4699500,44844270,551035619
294,20191022,Gangwon-do,816785418,43871314,184184524,3438400,44047350,537800030
295,20191023,Gangwon-do,789359740,46148026,182144283,3829800,33146730,519797701
296,20191024,Gangwon-do,834709660,46281970,184849315,6148500,50576970,544144805
297,20191025,Gangwon-do,1097778636,117409936,198547665,9270700,63987600,703996735
298,20191026,Gangwon-do,2479730870,272191939,282311277,28435250,177276772,1704746932
299,20191027,Gangwon-do,1921860141,210448525,266700611,24524490,81496462,1328289653
300,20191028,Gangwon-do,819904427,51369440,170765260,4625600,49925570,538130297
301,20191029,Gangwon-do,742043608,36404290,158238413,4642500,48302610,492483205
302,20191030,Gangwon-do,740297955,27914859,173848590,5371120,49238510,481770176
303,20191031,Gangwon-do,816266952,82925655,173560440,4668300,43757130,511066727
304,20191101,Gangwon-do,997796632,88016430,182642324,6555050,67140295,648688833
305,20191102,Gangwon-do,2299851395,224476353,288182957,31450610,171896374,1575155301
306,20191103,Gangwon-do,1577976241,187193213,236055670,17026320,120323758,1015083780
307,20191104,Gangwon-do,714229755,33892600,150378050,3606200,47398470,476058035
308,20191105,Gangwon-do,706567817,31181295,153407835,3255800,47953040,468203747
309,20191106,Gangwon-do,697355388,27869720,156090185,3207800,43305310,464714773
310,20191107,Gangwon-do,720165637,27035970,174459920,3375000,46618570,467662477
311,20191108,Gangwon-do,927193900,61668843,164178575,6616100,66603920,624238362
312,20191109,Gangwon-do,2164221701,191661026,256341805,24696300,184982110,1498845760
313,20191110,Gangwon-do,1510311648,165454474,239111672,16625150,90364528,993686324
314,20191111,Gangwon-do,708425088,30639278,167220675,3030300,63550400,443735435
315,20191112,Gangwon-do,673477139,21368140,157047570,3445300,53618370,436937759
316,20191113,Gangwon-do,655105215,39955952,158082175,3341800,33353430,420030058
317,20191114,Gangwon-do,720437784,30722900,165975330,5627400,67730073,449761781
318,20191115,Gangwon-do,810415085,73872314,93154800,4616200,84277862,553579909
319,20191116,Gangwon-do,1957225723,186117129,247879358,20790140,194875245,1301505251
320,20191117,Gangwon-do,1266988816,119280323,175322870,13215010,125887510,831150203
321,20191118,Gangwon-do,609161134,22770120,125152000,2663750,55352680,395237054
322,20191119,Gangwon-do,587916483,24873795,121587860,2661200,51287310,387506318
323,20191120,Gangwon-do,588828572,19148063,125316960,2823000,46123880,391283369
324,20191121,Gangwon-do,646740168,21048060,140604526,6082590,60592560,416723832
325,20191122,Gangwon-do,859020541,48971918,149303093,8685800,67255570,578281940
326,20191123,Gangwon-do,1889107097,205124931,205219707,32240880,161942810,1279064469
327,20191124,Gangwon-do,1288934058,137942862,181543341,23471630,73306381,869301994
328,20191125,Gangwon-do,571733543,32062605,87539640,5572100,54159170,386712658
329,20191126,Gangwon-do,560823367,29010275,88281530,4346950,44385840,392469772
330,20191127,Gangwon-do,576946708,17505495,106377800,6797550,37160440,406646323
331,20191128,Gangwon-do,585109025,27289105,87545290,5368850,51924910,412076170
332,20191129,Gangwon-do,813322065,65462481,95257630,10194800,67828975,569291599
333,20191130,Gangwon-do,1925695108,223913801,201137730,46320850,178002180,1272416947
334,20191201,Gangwon-do,1243803241,168173454,129493720,25683820,122648440,795356807
335,20191202,Gangwon-do,540321934,42765540,55967610,14021150,56188640,365499544
336,20191203,Gangwon-do,512369612,38754660,47408090,3778800,55172330,367150232
337,20191204,Gangwon-do,530562185,51519445,53133820,3042450,51668800,368772320
338,20191205,Gangwon-do,537420468,32697485,53569060,7400100,48630300,394919023
339,20191206,Gangwon-do,704448259,64627545,49915100,20747570,63731180,500027314
340,20191207,Gangwon-do,1777539242,228377210,135078903,46382440,175169890,1187884679
341,20191208,Gangwon-do,1279548774,169246895,118628460,34342620,79946860,874413139
342,20191209,Gangwon-do,568858345,51637305,48216780,9083700,58592620,394707230
343,20191210,Gangwon-do,532562760,32164256,49679620,7095400,44158700,397592784
344,20191211,Gangwon-do,540852038,44512120,52458885,10641400,37005635,395718998
345,20191212,Gangwon-do,610367562,52432020,47210841,11601950,52402810,446542741
346,20191213,Gangwon-do,821737618,97404547,56470860,20981250,68430260,573032701
347,20191214,Gangwon-do,2085174844,318219428,169226665,56360060,180077870,1354556321
348,20191215,Gangwon-do,1465512196,224532480,146355495,38219530,113430860,937657211
349,20191216,Gangwon-do,675873377,83473421,56953590,19289860,53230230,452502356
350,20191217,Gangwon-do,557532189,68470250,32319260,13456300,45689040,397531639
351,20191218,Gangwon-do,577469966,75509965,43737500,17299050,49546308,390645643
352,20191219,Gangwon-do,691368648,114911740,46925195,16385100,49381350,463655263
353,20191220,Gangwon-do,850150639,107046153,57185039,28898950,67314240,585478387
354,20191221,Gangwon-do,1980309587,265770724,147000570,75033850,184865879,1302396064
355,20191222,Gangwon-do,1485018786,274451118,134952780,52800280,91384765,927810043
356,20191223,Gangwon-do,850247096,172094207,64799320,34547180,69775800,504636359
357,20191224,Gangwon-do,1032930789,183201827,67282920,36698060,114556920,629818462
358,20191225,Gangwon-do,1563169292,282532364,120516815,65193440,111065200,980295673
359,20191226,Gangwon-do,1005619902,209746820,83157860,37631450,82140930,591352042
360,20191227,Gangwon-do,1235527429,280828214,89765120,44220210,82630925,730829850
361,20191228,Gangwon-do,2323926986,398035908,191642150,91624139,178301130,1456649159
362,20191229,Gangwon-do,1857805826,356686024,166630560,74275820,123218660,1128956362
363,20191230,Gangwon-do,1250879658,240290321,109584185,55089900,79399572,761844370
364,20191231,Gangwon-do,1709134850,352053174,102605680,43123190,119172490,1086034696
365,20200101,Gangwon-do,2185461223,359970438,115885160,52405400,134100770,1517446255
366,20200102,Gangwon-do,1000748736,199035652,80804350,43018110,65977890,608454834
367,20200103,Gangwon-do,1120688519,223444453,83275340,44008670,71130740,691865766
368,20200104,Gangwon-do,2163760656,331544332,186302590,86979410,181798080,1375710944
369,20200105,Gangwon-do,1467674757,276125586,123581660,53844180,111316520,900037911
370,20200106,Gangwon-do,666488775,118369671,58193300,29981700,60298380,392193904
371,20200107,Gangwon-do,495113821,68080185,30686677,16933500,46613110,332740349
372,20200108,Gangwon-do,627467354,161038760,38160490,27241200,38244172,362719432
373,20200109,Gangwon-do,660613130,92108631,54816630,30266050,57425100,424896219
374,20200110,Gangwon-do,967389906,168956467,71081690,42087000,77454845,600219834
375,20200111,Gangwon-do,2347312789,362899501,194860200,102871890,196293424,1484172674
376,20200112,Gangwon-do,1671221766,318999319,142616410,61828690,76482940,1066188407
377,20200113,Gangwon-do,770746342,138681108,57946140,36672380,63501640,465579614
378,20200114,Gangwon-do,715890297,132870588,53334440,31106030,53793075,442958864
379,20200115,Gangwon-do,706223631,142357260,46793790,27962950,49895620,439170011
380,20200116,Gangwon-do,695575017,101503224,60542380,31394940,53233370,448665303
381,20200117,Gangwon-do,959709498,164194072,73699300,37944460,98051040,577443016
382,20200118,Gangwon-do,2186590958,337925105,190146070,99290140,207231853,1346779590
383,20200119,Gangwon-do,1541453872,309335113,133454160,61538250,115065480,921393169
384,20200120,Gangwon-do,743778506,151064838,54921620,33077850,70212594,427904074
385,20200121,Gangwon-do,691522353,108155712,73071460,28079650,65322280,416503351
386,20200122,Gangwon-do,610782929,68703123,67379200,21546400,67253341,385696365
387,20200123,Gangwon-do,836368965,104740275,68191300,28343000,132011445,502309945
388,20200124,Gangwon-do,1830318381,273236639,136695575,51179950,278849260,1081048607
389,20200125,Gangwon-do,1880716698,374160441,149134240,70368630,113412850,1167918637
390,20200126,Gangwon-do,2222586050,424565662,199034510,86038690,115990184,1392684304
391,20200127,Gangwon-do,1326928374,308241501,133404736,58439670,100276655,718458252
392,20200128,Gangwon-do,769734034,263663739,64953690,27915550,44303840,368671215
393,20200129,Gangwon-do,662510400,191272082,60825420,22239700,40658000,347278698
394,20200130,Gangwon-do,549069946,93223964,48106690,15267400,34639080,357478492
395,20200131,Gangwon-do,712379103,93945770,59967933,25107100,53992820,478004780
396,20200201,Gangwon-do,1699182353,260412117,145748455,54303360,147664185,1083198236
397,20200202,Gangwon-do,1171684459,201858212,105154200,25848800,80568915,751691432
398,20200203,Gangwon-do,551394026,101595325,42378800,18440900,48754450,338766751
399,20200204,Gangwon-do,474137564,54820209,33431980,16191100,44692887,324499188
400,20200205,Gangwon-do,525442207,129590699,30120590,17921050,35279240,312287428
401,20200206,Gangwon-do,506210219,90777515,32186840,14674400,36920480,331413784
402,20200207,Gangwon-do,633245443,84697432,47158300,24201800,47021520,429080891
403,20200208,Gangwon-do,1507549189,213790593,112637590,52494260,130279920,991584026
404,20200209,Gangwon-do,1135346246,202137485,90331410,35230750,48797946,752455755
405,20200210,Gangwon-do,624250517,83753994,55225290,16987650,45741620,420986463
406,20200211,Gangwon-do,615827667,72383034,74124700,16872500,44907700,406187433
407,20200212,Gangwon-do,494798893,67856533,32845040,7313800,26228190,360021830
408,20200213,Gangwon-do,601553748,51311230,66128140,20337880,47922850,415028848
409,20200214,Gangwon-do,867513138,99405638,77866370,28085990,66045030,594734810
410,20200215,Gangwon-do,1838633522,237278974,163952710,56112710,170810071,1206135157
411,20200216,Gangwon-do,1234815785,225289393,96908720,36504610,102557630,772003032
412,20200217,Gangwon-do,577823667,91721341,37894410,21462400,44293250,381907566
413,20200218,Gangwon-do,588351385,97865898,45491325,16398980,48652500,378684052
414,20200219,Gangwon-do,620590785,112788375,60403050,16791700,40580110,388923550
415,20200220,Gangwon-do,643750015,67195244,87243790,14672000,48283790,426213191
416,20200221,Gangwon-do,797586480,110481730,88331085,13980400,58680540,524596525
417,20200222,Gangwon-do,1375519108,196346152,131565160,32877730,105601644,908357222
418,20200223,Gangwon-do,975597530,182559002,118983740,24125840,37929445,608496603
419,20200224,Gangwon-do,446041646,67499686,67978410,7572850,29105350,273720650
420,20200225,Gangwon-do,293768191,36437855,21817900,1419400,23933630,210159406
421,20200226,Gangwon-do,356363118,40138045,64750310,2894800,13997660,234531703
422,20200227,Gangwon-do,440484227,36060974,69347440,3879700,41950660,288309253
423,20200228,Gangwon-do,440115988,58556091,47095253,2310700,31700050,300121894
424,20200229,Gangwon-do,925484159,101830660,120004420,13404500,75329590,611032889
425,20200301,Gangwon-do,662231878,67772788,126356100,3601100,38042800,422350390
426,20200302,Gangwon-do,337572111,27597124,58547320,276000,29966040,219454827
427,20200303,Gangwon-do,340167459,16795528,72393760,689000,25208240,224930631
428,20200304,Gangwon-do,325820226,17207440,52020024,557500,29906990,226007672
429,20200305,Gangwon-do,388024482,18245102,78120710,578600,25511070,265018300
430,20200306,Gangwon-do,511356501,33428552,93801410,443300,33155540,349738099
431,20200307,Gangwon-do,1029268464,86749489,126616700,2010500,89510380,718499195
432,20200308,Gangwon-do,864822473,65874986,150191000,2151200,34682060,606285327
433,20200309,Gangwon-do,398608986,18953254,94467160,564100,30236000,253848372
434,20200310,Gangwon-do,282351185,11132020,25271620,321100,32196460,213395585
435,20200311,Gangwon-do,448906603,17229110,108649980,711200,25266140,296916373
436,20200312,Gangwon-do,572388988,19421290,180340740,545800,39314980,332257578
437,20200313,Gangwon-do,598178867,30626685,116700550,1084400,48072480,401152752
438,20200314,Gangwon-do,1253070590,84418696,138726875,4333500,114729610,904612209
439,20200315,Gangwon-do,944199473,63410169,175001900,2522050,69833220,631257734
440,20200316,Gangwon-do,454153070,20631170,94101090,961300,38844220,298218790
441,20200317,Gangwon-do,418459271,21122825,82098880,456000,34390490,280345226
442,20200318,Gangwon-do,519369194,17924572,137092570,1031600,36233800,326410152
443,20200319,Gangwon-do,391889423,16686529,84292450,290200,24868780,265751464
444,20200320,Gangwon-do,643347110,28151660,122400840,386300,51738430,440387780
445,20200321,Gangwon-do,1433614572,88532904,182127230,4126800,134734370,1018274568
446,20200322,Gangwon-do,1115169332,79350410,179529450,4011680,56846930,791608962
447,20200323,Gangwon-do,587602906,120501050,113343270,476300,46474480,306753106
448,20200324,Gangwon-do,501472778,18197932,129784000,984200,32520960,319947986
449,20200325,Gangwon-do,509590160,15767360,136237910,458300,25235740,331769050
450,20200326,Gangwon-do,493367087,17842420,114919360,278100,41915730,318411477
451,20200327,Gangwon-do,553131554,23963359,102406580,430000,55203860,371127755
452,20200328,Gangwon-do,1324653934,74664954,203165010,6073700,127887880,911251290
453,20200329,Gangwon-do,1022488580,51420486,193930050,1191800,68248975,706748269
454,20200330,Gangwon-do,508200325,18378340,121779245,532450,39105330,328404960
455,20200331,Gangwon-do,489142238,16587290,113326635,421500,33196505,325399958
456,20200401,Gangwon-do,492641289,16547680,127286630,205000,30158560,318443419
457,20200402,Gangwon-do,558616071,15886638,145841184,397400,41388900,354828899
458,20200403,Gangwon-do,687814899,29374600,145738990,256700,48716788,463654421
459,20200404,Gangwon-do,1359897454,87198710,161165880,1042600,125623800,983808714
460,20200405,Gangwon-do,1031993825,50757099,174252120,1076300,77242490,727876566
461,20200406,Gangwon-do,481683427,14057080,127785560,557500,37004620,302278667
462,20200407,Gangwon-do,498903415,12699405,135662695,275300,35377300,312413715
463,20200408,Gangwon-do,528441896,13262530,164741800,628700,23176232,326632634
464,20200409,Gangwon-do,572264742,17135539,187085590,679000,38049600,329209013
465,20200410,Gangwon-do,710555385,35831881,168395410,568300,54881270,450878524
466,20200411,Gangwon-do,1400473040,73115463,206608570,4274750,130573940,984885317
467,20200412,Gangwon-do,1021170864,112512856,197949580,2129050,51738024,656841354
468,20200413,Gangwon-do,593729331,18173650,165504710,1057500,41734990,357202881
469,20200414,Gangwon-do,640570435,20558672,180022080,949300,40641360,398399023
470,20200415,Gangwon-do,953341060,26922430,225363340,3206850,91380370,605858070
471,20200416,Gangwon-do,630165172,21527550,187993070,1318400,50686670,367539882
472,20200417,Gangwon-do,530919025,26358228,80317215,209400,49296430,374737752
473,20200418,Gangwon-do,1373374018,66511304,237345135,4421100,133258090,929550939
474,20200419,Gangwon-do,992175991,59629310,213348400,3090860,72597160,643087461
475,20200420,Gangwon-do,529069235,15031070,167091872,632540,40125180,306141573
476,20200421,Gangwon-do,551637171,14334950,175393405,686200,36756920,324465696
477,20200422,Gangwon-do,534439516,13634050,167717640,197300,24474600,328415926
478,20200423,Gangwon-do,585156872,13207110,186885959,904800,33523210,350635793
479,20200424,Gangwon-do,746095907,26265263,187177740,637800,56925481,474990023
480,20200425,Gangwon-do,1538356768,96409437,243248210,5562660,139590988,1053077073
481,20200426,Gangwon-do,1205816989,65685261,254162303,5739360,68090600,811352465
482,20200427,Gangwon-do,627258962,22897885,186505125,739200,43590100,372371652
483,20200428,Gangwon-do,672318298,18406265,198145260,1530020,44794430,409442323
484,20200429,Gangwon-do,821966656,39929611,207922950,1728900,59210985,512826510
485,20200430,Gangwon-do,2328263384,205424893,277883250,10342390,183586600,1643132851
486,20200501,Gangwon-do,2975036518,257185063,282811240,23056800,212233398,2191417717
487,20200502,Gangwon-do,2930913540,347706386,250676021,22130170,195060275,2105644938
488,20200503,Gangwon-do,2169981252,250995712,284133977,15343200,144765140,1465403573
489,20200504,Gangwon-do,1415391659,118687266,260243094,3781840,100129692,930199017
490,20200505,Gangwon-do,1329303401,110149805,232867267,9569430,137451900,836072199
491,20200506,Gangwon-do,688727909,33940256,204805820,1887400,50539410,395912823
492,20200507,Gangwon-do,720275208,22501546,208063260,1154500,49323610,438115192
493,20200508,Gangwon-do,851970961,26339877,178551453,2202900,63203350,581102181
494,20200509,Gangwon-do,1105794067,58488244,59881120,1703170,145828004,839893529
495,20200510,Gangwon-do,1130060456,58757948,242632050,3776890,63179284,760797984
496,20200511,Gangwon-do,663413848,21325790,214821695,853500,45516670,380487593
497,20200512,Gangwon-do,650435547,23943360,191335618,886200,36037610,398138359
498,20200513,Gangwon-do,668575940,25280731,194245017,1438000,30086800,417274892
499,20200514,Gangwon-do,722559458,25045766,221144555,2136800,40353120,433780217
500,20200515,Gangwon-do,605832101,30819388,59979040,698020,60346280,453989373
501,20200516,Gangwon-do,1551858833,103621619,271002701,6572450,153326572,1015929341
502,20200517,Gangwon-do,1354476194,74118779,260921473,6856950,112316775,897556517
503,20200518,Gangwon-do,609006573,35200450,173711194,407300,42973140,355524989
504,20200519,Gangwon-do,491077041,17160312,90958595,880050,50622770,331455314
505,20200520,Gangwon-do,699012932,29031389,222139966,1053108,50790260,395998209
506,20200521,Gangwon-do,765117536,30396535,226770187,1175450,48533930,455376334
507,20200522,Gangwon-do,881637374,49569951,211877325,1383200,50922800,567094598
508,20200523,Gangwon-do,1913553293,140842022,301284980,15588840,146506705,1304334896
509,20200524,Gangwon-do,1371644226,110080978,253341032,8347790,73747355,924340171
510,20200525,Gangwon-do,725849953,30181873,194477825,1352000,62281160,437002995
511,20200526,Gangwon-do,737482517,26239147,219199725,1517800,47586850,442911395
512,20200527,Gangwon-do,726168880,20106680,223755828,2323900,37446490,441896682
513,20200528,Gangwon-do,766943155,32228185,223056468,1457400,49708780,459956222
514,20200529,Gangwon-do,930954484,52584950,213023980,3044400,69578680,591978774
515,20200530,Gangwon-do,1966834769,154976767,262517159,14814800,168602450,1360733543
516,20200531,Gangwon-do,1570369749,122899727,285588005,11435700,123816150,1022699617
517,20200601,Gangwon-do,756496494,30354190,205351399,1569100,48100790,470293155
518,20200602,Gangwon-do,655722007,20836835,188433632,2390250,47715070,394863320
519,20200603,Gangwon-do,706154027,21418000,217613960,1291000,49167950,416157667
520,20200604,Gangwon-do,752955540,30065847,213235870,1635900,50979690,456894533
521,20200605,Gangwon-do,1064038952,82597816,231555162,3355200,79488530,666390044
522,20200606,Gangwon-do,2388200693,204772086,293549304,24927450,187516985,1670423668
523,20200607,Gangwon-do,1755684265,166151668,290953149,17095220,114345750,1161172178
524,20200608,Gangwon-do,771561975,36076865,210824458,1727400,49968560,470438492
525,20200609,Gangwon-do,740690306,24292200,222070845,2564800,50468480,440841781
526,20200610,Gangwon-do,756038274,28165835,230682075,2399030,40144870,454307264
527,20200611,Gangwon-do,810640386,36984407,221564424,1562900,61542608,488338347
528,20200612,Gangwon-do,1037257753,66489642,227003591,3637500,78598458,660443362
529,20200613,Gangwon-do,2077706775,168667161,272497928,16183200,195553200,1419102236
530,20200614,Gangwon-do,1657250278,155965229,289358411,13023880,71797325,1123068183
531,20200615,Gangwon-do,839706663,58798491,202210225,2352250,60633390,515307647
532,20200616,Gangwon-do,817112033,50456580,212533462,2301500,52358470,497057371
533,20200617,Gangwon-do,820332025,33123377,235523740,1691100,50695990,498759118
534,20200618,Gangwon-do,832897342,46869050,219901940,2231600,46900640,516529012
535,20200619,Gangwon-do,1107570401,90496150,210111055,3971600,85470874,717240122
536,20200620,Gangwon-do,2367332820,214671766,296536071,23666870,161022330,1665467983
537,20200621,Gangwon-do,1866855432,162775271,304359032,14801690,104741640,1274557349
538,20200622,Gangwon-do,900487714,45916754,215677870,5310300,59874470,571946720
539,20200623,Gangwon-do,825723635,41703989,214175433,2046800,43026090,523696373
540,20200624,Gangwon-do,610620431,33491554,108516780,3225500,28358401,434881896
541,20200625,Gangwon-do,697605072,40355116,149772305,4432300,49936820,453108531
542,20200626,Gangwon-do,1111822151,99901616,231513445,4476200,72545921,701384319
543,20200627,Gangwon-do,2364227416,191867723,322292496,25994900,187383977,1630546820
544,20200628,Gangwon-do,1822040306,181707574,304927731,20251640,66628391,1244501970
545,20200629,Gangwon-do,855852700,81392786,197639745,2388400,48773490,525013979
546,20200630,Gangwon-do,564399413,54186503,73172750,2174800,43064220,390743240
547,20200701,Gangwon-do,795681532,44555073,195613920,3145400,52263300,499536239
548,20200702,Gangwon-do,920120604,49388128,225459655,3786800,52040060,588014961
549,20200703,Gangwon-do,1179440998,95640183,206701263,8660650,81233230,785474822
550,20200704,Gangwon-do,2430361762,238331631,288538395,29121190,173252876,1695547320
551,20200705,Gangwon-do,1905942391,190935507,299006980,21099620,107664270,1281057914
552,20200706,Gangwon-do,975661896,64384422,225286890,3460600,56208660,625388974
553,20200707,Gangwon-do,904206267,63665512,215404400,4193170,50073620,569591615
554,20200708,Gangwon-do,887020922,56812604,207594700,2274500,44184440,575618678
555,20200709,Gangwon-do,987294274,89454586,221639627,2765370,52363920,620775471
556,20200710,Gangwon-do,1060174960,93500143,188534205,4553250,82171530,691383032
557,20200711,Gangwon-do,2359215799,228596916,286111516,29373070,186435281,1627496916
558,20200712,Gangwon-do,1888365553,198472213,283728950,20300930,69344504,1309905106
559,20200713,Gangwon-do,698290107,70429121,51720980,1527720,63621390,510990896
560,20200714,Gangwon-do,776302794,53548937,162913230,3271050,47916390,508618987
561,20200715,Gangwon-do,989187029,71959490,237957160,7848880,56099490,613669209
562,20200716,Gangwon-do,1091543186,77864556,225783425,7957500,55582010,722935145
563,20200717,Gangwon-do,1376745135,134522523,228586345,13577870,78481980,918591167
564,20200718,Gangwon-do,2587424452,249932625,316742035,37896050,178143224,1798124418
565,20200719,Gangwon-do,1714564398,217500993,220714224,19096400,95626570,1159950811
566,20200720,Gangwon-do,838070437,75942001,133732120,4377000,65416300,556175516
567,20200721,Gangwon-do,1011821092,97975466,223439965,7655500,52595030,627568881
568,20200722,Gangwon-do,1024496734,90564849,258550058,7067820,35774520,631504687
569,20200723,Gangwon-do,880880961,97157212,138630197,4218900,52021570,587380282
570,20200724,Gangwon-do,998829440,117087065,139190466,8057450,81616584,652877875
571,20200725,Gangwon-do,1984185876,226202399,275653802,37249960,177378750,1267615965
572,20200726,Gangwon-do,1790144987,229700630,291004765,29620300,66249654,1170331088
573,20200727,Gangwon-do,1102860755,148915145,190773897,8619990,66734620,687176303
574,20200728,Gangwon-do,1072631046,136932170,185871005,10714790,54792538,683381043
575,20200729,Gangwon-do,1089770427,145525980,146593900,12168480,69038630,715712237
576,20200730,Gangwon-do,1402851926,188351533,197307138,19255480,70988310,924117865
577,20200731,Gangwon-do,1946935732,277304428,262932992,28067430,106476390,1265500992
578,20200801,Gangwon-do,3089868352,409147146,258793602,58474130,210730292,2143629732
579,20200802,Gangwon-do,2724187518,407390793,220641223,53624960,157712420,1877175372
580,20200803,Gangwon-do,1777504515,283284162,90700540,35060940,104686520,1262827153
581,20200804,Gangwon-do,1551629361,261056336,126801545,39713700,83405500,1037081330
582,20200805,Gangwon-do,1249355389,231960219,106453820,28713930,77557480,804124040
583,20200806,Gangwon-do,1080972219,119719154,77403184,4126810,73324690,806126381
584,20200807,Gangwon-do,1357786546,64839452,192586060,6105380,69268060,1016555344
585,20200808,Gangwon-do,1844151137,88710994,196166072,10444510,133345590,1414317471
586,20200809,Gangwon-do,1112154432,55229309,71932511,5075890,31522100,947971822
587,20200810,Gangwon-do,1228480632,185808198,162589383,34411450,78622370,765179431
588,20200811,Gangwon-do,1186192076,171196541,124937815,27603920,72815950,787156150
589,20200812,Gangwon-do,1518773944,238521910,261514772,38583990,49528940,925409372
590,20200813,Gangwon-do,1708271248,255790820,254878295,41072890,85769520,1065610973
591,20200814,Gangwon-do,2089938979,303812871,276279543,44179950,128378200,1331112965
592,20200815,Gangwon-do,3058162533,380688970,192835055,63566090,226700320,2190433198
593,20200816,Gangwon-do,3536379442,470309364,387952171,87118800,160064270,2420618497
594,20200817,Gangwon-do,2406414978,339502332,314617510,47336400,120092468,1576404218
595,20200818,Gangwon-do,1656005501,233195658,293877762,25939480,81981650,1017183551
596,20200819,Gangwon-do,1483869427,203657514,258818507,16000000,70286080,930306426
597,20200820,Gangwon-do,1425223889,178862682,256104582,13257200,65872620,907912505
598,20200821,Gangwon-do,1446784286,185765253,241736681,9350280,79340160,927776762
599,20200822,Gangwon-do,1937609967,240305426,251877744,12367100,119651535,1309650212
600,20200823,Gangwon-do,1672561271,214597675,273600564,13546700,45608720,1117914512
601,20200824,Gangwon-do,1136028714,117567352,231699654,8554300,63368220,711112188
602,20200825,Gangwon-do,1065649218,102058563,238523027,9568300,51450150,661525078
603,20200826,Gangwon-do,848506865,74114998,198033710,4410900,29689430,541521027
604,20200827,Gangwon-do,730090147,57186028,127519780,3611100,50312730,490673009
605,20200828,Gangwon-do,988925668,98934540,179399606,5877770,63534070,639563932
606,20200829,Gangwon-do,1458769371,128310156,226145602,9122200,107559580,984064033
607,20200830,Gangwon-do,1159374231,107057489,201455057,3808300,77167950,769184235
608,20200831,Gangwon-do,703409435,49079234,164467315,4030000,43900900,441386986
609,20200901,Gangwon-do,755756997,57443361,196028683,1515700,46428440,452445063
610,20200902,Gangwon-do,458065721,26610369,62408635,708400,41870740,326467577
611,20200903,Gangwon-do,456726846,33226722,51846242,873500,44398940,325898342
612,20200904,Gangwon-do,865973955,57762044,186376604,4239700,57534580,559827027
613,20200905,Gangwon-do,1520131076,106775249,244539856,8189500,112294220,1042623651
614,20200906,Gangwon-do,1015285845,71794878,185794480,3349120,72567820,681238247
615,20200907,Gangwon-do,295196290,52744947,17953000,441000,30578730,193478613
616,20200908,Gangwon-do,600547053,42260930,164686468,769300,43109140,349588415
617,20200909,Gangwon-do,633370338,28671252,167969017,609100,29968190,405599779
618,20200910,Gangwon-do,785327720,31926862,220476960,1602900,48453360,481549938
619,20200911,Gangwon-do,877458121,47342532,203135280,3454400,59109790,563395419
620,20200912,Gangwon-do,1361915365,93109321,185464010,5365200,134436120,943404714
621,20200913,Gangwon-do,1273640645,88900992,228224450,9489730,50874610,892709263
622,20200914,Gangwon-do,758606582,45249830,216767133,1010900,46179720,448076999
623,20200915,Gangwon-do,751291644,31729508,225416890,1611300,41171130,450509416
624,20200916,Gangwon-do,683317140,26615700,201921296,507910,48493600,405284334
625,20200917,Gangwon-do,751104405,31737180,222021990,1330200,48286800,446846535
626,20200918,Gangwon-do,902729824,55779131,195367994,4140700,59988730,584569219
627,20200919,Gangwon-do,1766732550,121104543,256770406,12787100,156289268,1213280963
628,20200920,Gangwon-do,1371470539,87911916,245810800,7741700,107781185,914978998
629,20200921,Gangwon-do,726023331,33503096,211974710,1438840,47619960,430335525
630,20200922,Gangwon-do,712884241,31228683,218382390,1381700,48519000,412516368
631,20200923,Gangwon-do,675182775,17909308,215943790,1454600,32565020,407258857
632,20200924,Gangwon-do,677296313,21058287,194171000,1009760,53795580,407261686
633,20200925,Gangwon-do,797342780,38157344,203829255,1810290,76034924,477510967
634,20200926,Gangwon-do,1426666053,85926681,256520062,10424190,175834080,896823340
635,20200927,Gangwon-do,1208589633,92988030,258614753,8996950,77364360,764737510
636,20200928,Gangwon-do,831216921,67395429,207918780,2678600,94584950,456172862
637,20200929,Gangwon-do,875218380,58601239,210951660,3668200,110421610,490729171
638,20200930,Gangwon-do,1523256942,140194899,237382450,9059590,226278550,907419853
639,20201001,Gangwon-do,1664408102,217172623,150866629,18544050,120794110,1148835700
640,20201002,Gangwon-do,2563352295,262189132,297672595,26191400,188302894,1774821454
641,20201003,Gangwon-do,2026498567,227897914,315467700,20064840,135110200,1316562513
642,20201004,Gangwon-do,1053808267,100762365,249031681,5221250,91280570,604102851
643,20201005,Gangwon-do,607170871,22858885,192120280,1229160,44873357,345581089
644,20201006,Gangwon-do,647706251,26521236,196537680,1730100,42506050,379713985
645,20201007,Gangwon-do,656600207,20010671,206657880,1534500,40826070,386909186
646,20201008,Gangwon-do,879485928,47848263,229414080,2144300,64527060,533810625
647,20201009,Gangwon-do,2029640046,170603595,246501643,17232770,156015300,1425719998
648,20201010,Gangwon-do,2284197283,208401905,284722808,24674600,161632170,1592494050
649,20201011,Gangwon-do,1436441049,174296845,268582760,10997830,66836923,907642151
650,20201012,Gangwon-do,732954547,33139514,200355460,1870500,58201360,436120913
651,20201013,Gangwon-do,739655628,34194998,212763130,1909200,42467530,446120870
652,20201014,Gangwon-do,754363363,33739412,210027810,1873310,42671930,463051101
653,20201015,Gangwon-do,788455368,37505192,213441800,2128450,50623800,482126326
654,20201016,Gangwon-do,1038122096,99996835,214708970,3515950,73955350,640574091
655,20201017,Gangwon-do,2022992213,158984131,265255050,19591430,150931100,1417257902
656,20201018,Gangwon-do,1626524726,103207353,283864930,16097320,107393520,1102717303
657,20201019,Gangwon-do,840904656,47068889,224117780,3494100,50997650,510545637
658,20201020,Gangwon-do,837919504,55120746,209700140,4881180,44737910,516898328
659,20201021,Gangwon-do,824130965,43589872,225457243,3252320,43327560,504281070
660,20201022,Gangwon-do,861818488,44711395,232994180,2774850,56683490,520972673
661,20201023,Gangwon-do,1073190169,68776276,192135190,5988600,67435280,731917563
662,20201024,Gangwon-do,2249683526,185968676,276719130,24648750,164070900,1585268770
663,20201025,Gangwon-do,1658187764,138254543,232986320,18636010,66207640,1189284651
664,20201026,Gangwon-do,822495473,45136074,201295430,3899800,47186870,519885699
665,20201027,Gangwon-do,802189391,37032192,213865627,3818850,44330570,499565852
666,20201028,Gangwon-do,797466184,36453463,214044680,3209700,27472431,510987510
667,20201029,Gangwon-do,822534144,48811235,204512510,2250770,46415910,515352619
668,20201030,Gangwon-do,1043703030,87228391,202184990,3677600,67715620,678985729
669,20201031,Gangwon-do,2087220797,174989044,222317812,18319600,166170890,1494001361
670,20201101,Gangwon-do,1470047389,134735901,226579000,8153220,120730420,975356348
671,20201102,Gangwon-do,748309832,31857321,184072060,1559440,44959530,480362881
672,20201103,Gangwon-do,730522497,39103323,195284278,2614100,48202583,445142413
673,20201104,Gangwon-do,730460107,29307788,202616580,2319600,49269764,444838685
674,20201105,Gangwon-do,762504170,24204829,202930620,2414090,42143950,488435581
675,20201106,Gangwon-do,1001732718,117826714,166481980,2985800,64116100,647380524
676,20201107,Gangwon-do,1978416084,163747990,200552225,14350670,153273670,1441714829
677,20201108,Gangwon-do,1475666544,130418206,227336210,13526670,67563551,1029092007
678,20201109,Gangwon-do,763074459,33642805,193447480,1626800,53795710,479989664
679,20201110,Gangwon-do,706860431,31961090,171151800,1191450,53224820,447480371
680,20201111,Gangwon-do,686556506,33353757,169196960,1534000,29303410,451385379
681,20201112,Gangwon-do,774663828,34550533,196175886,1295950,45770410,495775149
682,20201113,Gangwon-do,938567950,68242068,165773170,2284920,59225720,641147172
683,20201114,Gangwon-do,1805480822,149763692,215802830,10987170,124517405,1296771125
684,20201115,Gangwon-do,1345107933,111352250,204541060,8566150,79067265,934372908
685,20201116,Gangwon-do,693406546,45469819,152936492,816300,42427900,449339535
686,20201117,Gangwon-do,636644236,30693720,176448990,1547350,32430900,394510476
687,20201118,Gangwon-do,579565607,31480972,153630570,495700,33090560,360672205
688,20201119,Gangwon-do,463250317,24374445,42920277,464900,38151550,357339145
689,20201120,Gangwon-do,770320401,45157068,150267860,1079050,62266450,511200073
690,20201121,Gangwon-do,1505572111,109058355,193112930,5696500,130379990,1062132636
691,20201122,Gangwon-do,995616664,78933826,173793885,2598720,47647450,690395843
692,20201123,Gangwon-do,575572801,29700593,136633010,347000,44268330,364032668
693,20201124,Gangwon-do,545687295,22823232,133657320,1477900,47002240,340398003
694,20201125,Gangwon-do,565632039,38615270,150336910,2166740,25486620,348836499
695,20201126,Gangwon-do,572099147,34262135,136621780,859600,45166430,355149402
696,20201127,Gangwon-do,623232711,15753675,118140770,2524450,47263370,439384946
697,20201128,Gangwon-do,1155092672,48718121,126709334,4248600,108393697,863635240
698,20201129,Gangwon-do,829102969,23246634,121841510,2596450,56741350,622752825
699,20201130,Gangwon-do,512876588,31531069,104366870,701300,43280580,332723869
700,20201201,Gangwon-do,462179890,19108813,94468420,590300,46205810,301674547
701,20201202,Gangwon-do,459728560,23647753,89522137,489950,39815050,306253670
702,20201203,Gangwon-do,444130905,18866248,69909680,1494520,36902190,316828067
703,20201204,Gangwon-do,588671499,45872780,76797655,4384020,56754740,404761104
704,20201205,Gangwon-do,1269053541,124449297,127172500,17564850,130255450,865706644
705,20201206,Gangwon-do,965128074,103899134,125185680,13393250,80334320,640398090
706,20201207,Gangwon-do,458030882,25523790,79683540,3372200,44856110,304440942
707,20201208,Gangwon-do,434636447,34983626,62196816,1417100,39690570,296348335
708,20201209,Gangwon-do,420811597,38390230,68340810,1557100,26474050,285305257
709,20201210,Gangwon-do,487108911,33252120,95402060,2624040,44919650,310880551
710,20201211,Gangwon-do,684287084,42380084,128101370,28921900,59170050,425430680
711,20201212,Gangwon-do,1236479964,106617572,119686760,19234550,124230070,865547912
712,20201213,Gangwon-do,644593627,86520910,44535080,12032180,43302640,458140517
713,20201214,Gangwon-do,351961485,27107856,30139500,3850700,44015211,246599418
714,20201215,Gangwon-do,323244530,21381557,18760470,1180650,48262605,233442248
715,20201216,Gangwon-do,322877718,14858550,24353410,816250,40193650,242601158
716,20201217,Gangwon-do,385656165,35686882,26290270,3031100,47277284,273206329
717,20201218,Gangwon-do,457806700,28226071,33137000,3018900,57821300,335191629
718,20201219,Gangwon-do,848194717,53654184,50344620,5898900,118125630,618548283
719,20201220,Gangwon-do,616537131,41866216,46781900,3869000,71485360,451857555
720,20201221,Gangwon-do,373526763,22798245,36969250,890100,45033440,267522528
721,20201222,Gangwon-do,397367357,20089439,38008000,825500,44257090,293917228
722,20201223,Gangwon-do,399487086,22891603,55488640,1962950,32293020,286666373
723,20201224,Gangwon-do,550268193,24964376,37000550,548000,107899620,379624447
724,20201225,Gangwon-do,1034253849,71706923,44492020,3037600,156504634,756456372
725,20201226,Gangwon-do,937509590,54002347,61279550,2946900,100607150,717003443
726,20201227,Gangwon-do,588990345,44096110,56641490,1680000,39340160,446245585
727,20201228,Gangwon-do,426118780,42395345,44518330,398700,41441500,296891205
728,20201229,Gangwon-do,390086364,22194990,37446420,685300,40666520,288565734
729,20201230,Gangwon-do,372934011,22869110,20720650,173000,47430720,279852231
730,20201231,Gangwon-do,538013697,50299494,26343950,204000,89114600,371874853
731,20210101,Gangwon-do,867412482,57137036,32790105,952500,99152620,675216321
732,20210102,Gangwon-do,871672182,52182817,48902030,2118700,97773570,666793765
733,20210103,Gangwon-do,445926871,33193010,43721510,180000,54328340,314087911
734,20210104,Gangwon-do,272381350,17623980,25804870,1611700,39388320,187885480
735,20210105,Gangwon-do,296224745,32034670,26080265,141500,33407650,204456360
736,20210106,Gangwon-do,275366540,15896650,23158000,33000,36312270,199924120
737,20210107,Gangwon-do,222601673,10885590,18565900,80000,31471020,161499363
738,20210108,Gangwon-do,288213134,17152900,20094000,544100,53332200,196961734
739,20210109,Gangwon-do,611860645,41730601,31244954,3215700,112330120,422889370
740,20210110,Gangwon-do,475015550,37266770,35122130,3931700,48541540,349745510
741,20210111,Gangwon-do,296814646,17333290,24288210,673200,48863470,205605776
742,20210112,Gangwon-do,298449968,14918675,22232630,1479900,33410016,226408747
743,20210113,Gangwon-do,322548278,18254825,33480220,1332100,27083780,242336353
744,20210114,Gangwon-do,410272452,24044290,48344755,1701900,44891300,290700807
745,20210115,Gangwon-do,487251567,34403140,51809880,1372620,56804480,342746647
746,20210116,Gangwon-do,1036052111,82088351,64048526,9938200,131176840,746125794
747,20210117,Gangwon-do,710874442,69455675,45387040,7990490,89608320,497921517
748,20210118,Gangwon-do,292595920,31619495,23317590,402200,34018380,203111655
749,20210119,Gangwon-do,321609875,22288480,25963430,299400,37867550,235095915
750,20210120,Gangwon-do,382768122,24635880,30545780,1414100,38066630,287712732
751,20210121,Gangwon-do,405618149,37448420,29016170,2060160,37297910,299053549
752,20210122,Gangwon-do,505942823,43335596,54523730,2488800,48265430,357147167
753,20210123,Gangwon-do,1141877842,113455964,79947320,17520750,136388679,793194229
754,20210124,Gangwon-do,886487285,94593840,101886992,10574050,46898630,630600073
755,20210125,Gangwon-do,468497701,33714106,52536490,2549300,48862680,329969825
756,20210126,Gangwon-do,434297767,28441881,58905300,595020,36475490,309806176
757,20210127,Gangwon-do,445239580,28815200,59022010,1535000,22912020,332790350
758,20210128,Gangwon-do,358851292,34920317,32342776,502200,33938860,257147139
759,20210129,Gangwon-do,488520356,38748363,30239050,2505700,58908480,357911663
760,20210130,Gangwon-do,1169478787,86154543,74004997,15618700,135554020,856370427
761,20210131,Gangwon-do,866493888,54324600,67594360,11345800,81221640,648439288
762,20210201,Gangwon-do,400507086,28604530,44146230,1395100,41505890,284594236
763,20210202,Gangwon-do,387359307,21106775,36345680,967100,41633510,287233242
764,20210203,Gangwon-do,377265270,23825800,38069010,1652250,37895080,275678530
765,20210204,Gangwon-do,359427180,27547120,26945310,1442100,39995860,263337990
766,20210205,Gangwon-do,506404524,37281791,35782640,579900,57229670,375332923
767,20210206,Gangwon-do,1189091184,89635130,85642245,3104440,131218673,877919696
768,20210207,Gangwon-do,856746153,58195057,87616830,2695300,90564370,615673496
769,20210208,Gangwon-do,473558605,41454450,52636940,2560400,55907040,320748575
770,20210209,Gangwon-do,467798109,31670500,56020740,4994200,59359630,315622139
771,20210210,Gangwon-do,635694077,57853386,93828660,7193600,80539050,396193481
772,20210211,Gangwon-do,1362210150,145756939,128931900,17198130,200830726,866943455
773,20210212,Gangwon-do,1430956605,199021149,99805380,29399580,96236840,1000029356
774,20210213,Gangwon-do,1852198710,219801948,175312800,29920600,142603550,1277610492
775,20210214,Gangwon-do,921285450,119210556,149359810,12481800,52744042,584440142
776,20210215,Gangwon-do,503656338,48915104,74961470,2398600,49295370,327910294
777,20210216,Gangwon-do,429384552,31824441,56381220,2903700,39649120,298576271
778,20210217,Gangwon-do,422827726,41826994,27979400,2387600,40258390,310192642
779,20210218,Gangwon-do,482663368,32773560,42514700,4216200,42537090,360547718
780,20210219,Gangwon-do,736656972,67816868,86090500,6584730,63080890,512991584
781,20210220,Gangwon-do,1579108000,146038524,151410380,19099850,157914371,1102548875
782,20210221,Gangwon-do,1256986255,131802369,137907150,13785650,95220186,874061660
783,20210222,Gangwon-do,662024596,58147027,88567490,6175880,45361570,462553329
784,20210223,Gangwon-do,608603352,39066360,76543140,3314850,47307340,441918862
785,20210224,Gangwon-do,628139032,58175668,92001950,3291180,33014300,440819634
786,20210225,Gangwon-do,657067176,46890884,98634620,1775500,50847860,458322912
787,20210226,Gangwon-do,882739321,33511383,108102435,2427430,61231033,675439090
788,20210227,Gangwon-do,1938364128,87137702,152610410,11104750,148422626,1537058140
789,20210228,Gangwon-do,2269127016,77662492,168959988,15937040,76451595,1919165001
790,20210301,Gangwon-do,748574767,121814839,40753080,1607650,84748520,499650678
791,20210302,Gangwon-do,308458095,22631019,21952900,416190,34370260,229087726
792,20210303,Gangwon-do,395032068,45690850,26794700,1046300,39818230,281584208
793,20210304,Gangwon-do,407658036,26432330,46635560,646000,46492770,287382376
794,20210305,Gangwon-do,551643966,27364881,73303170,960800,58271960,391143455
795,20210306,Gangwon-do,1075851686,91507771,132164900,4206420,123582850,724112845
796,20210307,Gangwon-do,909856300,80325020,136908098,3211610,98889030,588058542
797,20210308,Gangwon-do,519382163,24988300,142749560,722950,40145720,310604833
798,20210309,Gangwon-do,534955398,26867350,136566260,1153380,35240430,335085278
799,20210310,Gangwon-do,556450600,41420770,140943030,1227360,22578743,350156697
800,20210311,Gangwon-do,563458894,16139190,148136650,939620,39221104,358779530
801,20210312,Gangwon-do,634918042,27085905,119456800,1021110,57133550,429951077
802,20210313,Gangwon-do,1562396089,113025819,195981650,7178150,159497646,1083633424
803,20210314,Gangwon-do,1089224523,75211600,192713400,4660840,58586840,755210843
804,20210315,Gangwon-do,570434408,20065010,149226480,641000,53877560,346578858
805,20210316,Gangwon-do,556276349,17378568,153913155,668350,44134570,340160906
806,20210317,Gangwon-do,585589081,13796506,176217590,1579950,38771690,355223345
807,20210318,Gangwon-do,587843103,14325680,180196830,647090,40296860,352176643
808,20210319,Gangwon-do,760807450,48508039,174529230,665300,54249790,482461091
809,20210320,Gangwon-do,1351564003,89397720,188571560,4531580,146677103,921900240
810,20210321,Gangwon-do,1079205138,74272835,223712780,3847930,92248530,684274163
811,20210322,Gangwon-do,580074318,24508118,169332895,237600,41414985,344373720
812,20210323,Gangwon-do,557081732,13557695,172377930,957300,36682739,333506068
813,20210324,Gangwon-do,562868774,13810650,176283190,1219960,25180690,346253284
814,20210325,Gangwon-do,583873653,12298649,167232025,992650,40171180,362787249
815,20210326,Gangwon-do,777773775,46561999,168458440,1579000,52470380,508509956
816,20210327,Gangwon-do,1388755628,114759907,190643030,5546630,140007697,936209864
817,20210328,Gangwon-do,955619576,72347770,168775170,3986990,63742393,646663253
818,20210329,Gangwon-do,586164485,20771860,159504900,1167690,41997870,362722165
819,20210330,Gangwon-do,606361586,14337160,168886510,899100,43506040,378311476
820,20210331,Gangwon-do,640544849,18017531,173145780,1218350,42381333,405478355
821,20210401,Gangwon-do,667816635,25532162,185730050,763900,38068310,417519213
822,20210402,Gangwon-do,854166037,41976666,177511990,1658520,66570420,565892441
823,20210403,Gangwon-do,1254111723,107240832,112356045,4271640,145298006,884466200
824,20210404,Gangwon-do,1102248883,81296260,215914740,4850950,100678036,698296297
825,20210405,Gangwon-do,692118341,31802310,190640770,623320,43937380,424748161
826,20210406,Gangwon-do,664873141,37021420,192146760,1512600,38165730,395887331
827,20210407,Gangwon-do,668149780,20802534,200257910,1599020,41864490,403482826
828,20210408,Gangwon-do,712379839,27160570,217368055,1572400,38441640,427391174
829,20210409,Gangwon-do,943957341,60148669,195035090,3075450,68390630,616511202
830,20210410,Gangwon-do,2001912716,160206435,253667340,11355260,157256827,1413233854
831,20210411,Gangwon-do,1453024205,112658308,263045775,8399500,68839176,996146146
832,20210412,Gangwon-do,595021448,25336000,162138670,556600,45693160,360982018
833,20210413,Gangwon-do,646077514,19010760,203848710,1088270,46239440,375890334
834,20210414,Gangwon-do,676615375,22518152,222538330,1486450,26629496,403442947
835,20210415,Gangwon-do,757990929,46537124,242156700,832350,42226280,425974475
836,20210416,Gangwon-do,880883699,54982261,184547800,758000,65994920,574481718
837,20210417,Gangwon-do,1752514995,136457949,247055950,7283160,142985830,1214865906
838,20210418,Gangwon-do,1451647676,115315856,285706190,7921360,89863490,947880280
839,20210419,Gangwon-do,742533646,37916156,225226370,404300,36308710,442242110
840,20210420,Gangwon-do,747454960,57746041,233322000,2013400,37816300,416430719
841,20210421,Gangwon-do,708890970,25577963,233782720,1311190,41742240,406392957
842,20210422,Gangwon-do,882432312,203097491,215937130,1673090,36547820,424894381
843,20210423,Gangwon-do,895971310,52285715,202386410,1033040,58632710,581052535
844,20210424,Gangwon-do,1934893759,159742790,268038560,11545660,157766021,1331762628
845,20210425,Gangwon-do,1496810814,112457895,296303320,7302460,70734791,1006118148
846,20210426,Gangwon-do,772567276,44638762,228259700,2531360,50674230,444868764
847,20210427,Gangwon-do,717334162,33258041,231841560,2064110,38181070,411417981
848,20210428,Gangwon-do,675082202,24267710,217203435,2286930,27135960,403803067
849,20210429,Gangwon-do,717281529,31724021,209088795,899400,48563750,427005563
850,20210430,Gangwon-do,834908673,59363504,146547300,1002510,70575680,556084279
851,20210501,Gangwon-do,1823089605,160214323,190614930,6976630,186018993,1276461129
852,20210502,Gangwon-do,1672658358,161554390,275819541,10588010,110994375,1108272542
853,20210503,Gangwon-do,1021309470,80024410,265697560,3252750,48239370,618141780
854,20210504,Gangwon-do,890383842,87039295,183347540,2148170,60579310,555487627
855,20210505,Gangwon-do,1586584835,145811906,295929935,14032530,137946638,989499526
856,20210506,Gangwon-do,1057925788,90883249,292063700,3796770,53115910,615507259
857,20210507,Gangwon-do,1129981061,211311748,190511730,3374150,65245384,659223849
858,20210508,Gangwon-do,1794571595,136726875,212792960,7141560,141331850,1295056650
859,20210509,Gangwon-do,1309103692,107339526,269285230,5667070,50156824,874283842
860,20210510,Gangwon-do,723378590,31587069,236782020,622190,43263950,410798061
861,20210511,Gangwon-do,780011368,27169690,255866070,1742260,46699352,447711996
862,20210512,Gangwon-do,753592035,25217801,251983150,808020,27262650,447901214
863,20210513,Gangwon-do,828327381,40681660,260781290,1530600,46986090,477897041
864,20210514,Gangwon-do,1010998849,62647597,244394440,2002600,67687749,632661263
865,20210515,Gangwon-do,1830930166,171923235,300946745,8119800,143829329,1203780957
866,20210516,Gangwon-do,928143512,109430443,53992054,3240830,88336196,672998789
867,20210517,Gangwon-do,705427496,44265736,172652680,1263170,52733190,434198720
868,20210518,Gangwon-do,968375597,80283480,262518855,1969300,47357820,574016042
869,20210519,Gangwon-do,1507214245,104140085,304612145,12404480,90501223,989491562
870,20210520,Gangwon-do,810510489,49971593,223515555,2290960,41508530,491699151
871,20210521,Gangwon-do,940924791,69780746,195430535,2873970,63682860,608437980
872,20210522,Gangwon-do,2042268577,195168616,277089440,13036930,138993329,1410429962
873,20210523,Gangwon-do,1500034561,114868712,283630060,9706310,53242194,1033634585
874,20210524,Gangwon-do,813361295,40336420,267401120,744400,46630520,457206435
875,20210525,Gangwon-do,718759396,98047413,158858175,2086700,42782801,416984307
876,20210526,Gangwon-do,764764311,27010243,246459211,1996240,29075940,459662877
877,20210527,Gangwon-do,657468720,35140685,172841610,1363300,42150090,405838035
878,20210528,Gangwon-do,751151605,56950036,114137375,1767150,58933431,519117113
879,20210529,Gangwon-do,1934943098,167774582,283175230,9975200,144318110,1323432076
880,20210530,Gangwon-do,1573094628,153250257,312712996,9855340,90923765,999820470
881,20210531,Gangwon-do,729683875,34416640,224293490,960700,38818800,430912845
882,20210601,Gangwon-do,718260555,50704918,223696000,890240,40812850,402019347
883,20210602,Gangwon-do,731360124,33077604,234905040,1652250,36627840,423752890
884,20210603,Gangwon-do,645213399,32699730,165450728,1552710,40080050,403616481
885,20210604,Gangwon-do,1004191755,89554646,221038548,2310100,60896650,628908111
886,20210605,Gangwon-do,2151521037,211137604,279812530,12322180,156487972,1485668051
887,20210606,Gangwon-do,1641909488,157268710,260911320,9524820,95567925,1112838613
888,20210607,Gangwon-do,818729477,54847891,244839670,1338530,44074414,471553172
889,20210608,Gangwon-do,772815892,46713944,241417240,1952220,37884043,444345445
890,20210609,Gangwon-do,787893488,49004107,257617302,2557540,23032100,455013839
891,20210610,Gangwon-do,830334212,29971359,273716510,5667900,48499730,472006913
892,20210611,Gangwon-do,990211895,84676101,199033450,1961700,72498030,631380814
893,20210612,Gangwon-do,2231158871,217636190,309341420,12800530,166413818,1515717813
894,20210613,Gangwon-do,1689718470,160508680,308889580,8279280,59539353,1145300637
895,20210614,Gangwon-do,900620117,65397130,267469450,1233200,48194273,516654564
896,20210615,Gangwon-do,800925701,42089290,245826033,1373420,42049570,469495488
897,20210616,Gangwon-do,856791628,89580075,244425730,2178900,45155010,475232413
898,20210617,Gangwon-do,870306823,58273981,252688580,1965220,46514500,510005842
899,20210618,Gangwon-do,1091987783,98420123,216063660,1978300,64855769,709468231
900,20210619,Gangwon-do,2411575113,246396757,308266720,17672000,165410910,1664246326
901,20210620,Gangwon-do,1867935691,178653191,324539751,10812150,97741364,1250302135
902,20210621,Gangwon-do,951417267,93640499,244003850,2794700,51423236,558341482
903,20210622,Gangwon-do,844410867,50123122,219643210,3173150,44754010,526311975
904,20210623,Gangwon-do,880802448,65983787,242463940,2247800,29320630,540373591
905,20210624,Gangwon-do,1012922481,64407363,273673670,3846060,53032660,617427028
906,20210625,Gangwon-do,1264774186,124433791,256153165,4119150,69385076,809372904
907,20210626,Gangwon-do,2230602775,234771393,308076520,8938090,133040150,1543557422
908,20210627,Gangwon-do,1841974617,189476599,282075944,10789040,59114183,1294124451
909,20210628,Gangwon-do,1022703227,102264462,244486730,3273300,52041301,619096934
910,20210629,Gangwon-do,918160002,67711928,225149590,3080600,38489200,582785084
911,20210630,Gangwon-do,892674843,78740235,232948630,3475820,44444000,532283558
912,20210701,Gangwon-do,940912387,72921164,219077500,2741200,53207610,591983163
913,20210702,Gangwon-do,1247311378,123050830,245079860,3839000,65654942,807087446
914,20210703,Gangwon-do,2042695713,220065989,275924870,13289100,143223163,1387972691
915,20210704,Gangwon-do,1380491045,162999472,192124531,7684310,75580110,941205422
916,20210705,Gangwon-do,958008744,80446136,233184940,3680210,56878494,581555104
917,20210706,Gangwon-do,941377538,72838771,247990250,2628000,46262420,569508397
918,20210707,Gangwon-do,856932763,59209273,229135680,3083000,46056290,518125320
919,20210708,Gangwon-do,847393941,75295655,210772620,3629610,48261890,508893066
920,20210709,Gangwon-do,1028374881,62759114,212145226,3970340,65344398,683369803
921,20210710,Gangwon-do,1938602896,127798873,245363811,12163230,153266640,1397542742
922,20210711,Gangwon-do,1511473158,94880864,258784815,10846060,53560699,1089703020
923,20210712,Gangwon-do,992709565,92670392,238013343,3561180,63964330,592676920
924,20210713,Gangwon-do,985581820,76012645,266774670,4156500,56602246,580356959
925,20210714,Gangwon-do,997945003,80586155,273339487,4922300,36005410,602452951
926,20210715,Gangwon-do,1013221509,83172136,231063450,3501750,64354120,630111453
927,20210716,Gangwon-do,1142390489,58556965,191620430,2965050,66009012,821262032
928,20210717,Gangwon-do,1982830338,121893502,263424160,9595000,126941220,1458591956
929,20210718,Gangwon-do,1603368839,74258211,262974780,6657800,65739550,1189040598
